source,generation,share_percent
Hydro,4418.9599609375,44.872698806717416
Wind,2497.25,25.358534154109297
Solar,2130.639892578125,21.63576113166489
Other renewables,800.919677734375,8.133005907508402
